BEGIN;

insert into release (release_number, release_label)
  values
    (30, 'v30'),
    (31, 'v31')
  ;

insert into ant (suggested_content, ant_user_id, created_at)
  values
    ('mouco ant', (select user_id from registered_user where user_name = 'nobody'), '2023-08-11 00:21:40'),
    ('barbie ant', (select user_id from registered_user where user_name = 'nobody'), '2023-07-23 01:38:03'),
    ('ant eating a girl dinner (crumbs)', (select user_id from registered_user where user_name = 'nobody'), '2023-07-21 02:34:23'),
    ('ant whose life is spared because this website', (select user_id from registered_user where user_name = 'nobody'), '2023-07-20 03:33:39'),
    ('ant who got eaten by a dog', (select user_id from registered_user where user_name = 'nobody'), '2023-07-08 19:38:39'),
    ('ant who runs ads for typesofants.org', (select user_id from registered_user where user_name = 'nobody'), '2023-07-05 22:56:51'),
    ('Ant that does the seo for this unfindable site', (select user_id from registered_user where user_name = 'nobody'), '2023-07-05 22:56:26'),
    ('ant who gave up on typesofants.org', (select user_id from registered_user where user_name = 'nobody'), '2023-07-04 14:09:35'),
    ('ant tryna broaden his horizons', (select user_id from registered_user where user_name = 'nobody'), '2023-07-04 13:56:00'),
    ('typecast ant', (select user_id from registered_user where user_name = 'nobody'), '2023-07-04 13:55:51'),
    ('ant little brother who dies early', (select user_id from registered_user where user_name = 'nobody'), '2023-07-04 13:55:37'),
    ('Side character ant (you)', (select user_id from registered_user where user_name = 'nobody'), '2023-07-04 13:55:08'),
    ('protagonist ant (me)', (select user_id from registered_user where user_name = 'nobody'), '2023-07-04 13:55:01'),
    ('ant but like quieter than normal because we''re using our inside voices', (select user_id from registered_user where user_name = 'nobody'), '2023-07-04 13:52:23'),
    ('ant taking the kids', (select user_id from registered_user where user_name = 'nobody'), '2023-07-04 13:51:18'),
    ('ant foreclosing on a family', (select user_id from registered_user where user_name = 'nobody'), '2023-07-04 13:51:12'),
    ('ant with multiple personalities', (select user_id from registered_user where user_name = 'nobody'), '2023-07-04 13:50:00'),
    ('uncreative ant', (select user_id from registered_user where user_name = 'nobody'), '2023-07-04 13:49:29'),
    ('ant who swears the picnic was today', (select user_id from registered_user where user_name = 'nobody'), '2023-07-04 13:47:49'),
    ('ant in the microwave', (select user_id from registered_user where user_name = 'nobody'), '2023-07-04 13:47:39'),
    ('one legged ant (run)', (select user_id from registered_user where user_name = 'nobody'), '2023-07-04 13:47:18'),
    ('inspector ant', (select user_id from registered_user where user_name = 'nobody'), '2023-07-04 13:46:37'),
    ('can''t an ant just go to bed', (select user_id from registered_user where user_name = 'nobody'), '2023-07-04 13:44:58'),
    ('ant who worries this site is dying', (select user_id from registered_user where user_name = 'nobody'), '2023-07-04 13:43:52'),
    ('ant who isn''t depressed so much as sentient', (select user_id from registered_user where user_name = 'nobody'), '2023-07-04 13:42:51'),
    ('ant who can''t get better', (select user_id from registered_user where user_name = 'nobody'), '2023-07-04 13:42:23'),
    ('ant who doesn''t get it', (select user_id from registered_user where user_name = 'nobody'), '2023-07-04 13:41:59'),
    ('burglar ant', (select user_id from registered_user where user_name = 'nobody'), '2023-07-04 13:40:43'),
    ('embezzlement ant', (select user_id from registered_user where user_name = 'nobody'), '2023-07-04 13:40:30'),
    ('hant', (select user_id from registered_user where user_name = 'nobody'), '2022-05-04 06:23:35'),
    ('ant NFT, antchain', (select user_id from registered_user where user_name = 'nobody'), '2023-07-03 23:39:25'),
    ('Mountaint', (select user_id from registered_user where user_name = 'nobody'), '2023-06-30 01:17:05'),
    ('Snowpants', (select user_id from registered_user where user_name = 'nobody'), '2023-06-30 01:16:33'),
    ('ant smelling the roses', (select user_id from registered_user where user_name = 'nobody'), '2023-06-25 07:54:16'),
    ('ant going to bed', (select user_id from registered_user where user_name = 'nobody'), '2023-06-25 07:54:04'),
    ('pioneer ant', (select user_id from registered_user where user_name = 'nobody'), '2023-06-25 07:53:54'),
    ('ant on a journey', (select user_id from registered_user where user_name = 'nobody'), '2023-06-25 07:53:45'),
    ('ant chomping leaves', (select user_id from registered_user where user_name = 'nobody'), '2023-06-25 07:53:20'),
    ('ant on twitter! @typesofants', (select user_id from registered_user where user_name = 'nobody'), '2023-06-22 02:47:54'),
    ('ant learning to code', (select user_id from registered_user where user_name = 'nobody'), '2023-06-22 02:45:10'),
    ('ant with an umbrella', (select user_id from registered_user where user_name = 'nobody'), '2023-06-22 02:45:04'),
    ('ant in a submarine', (select user_id from registered_user where user_name = 'nobody'), '2023-06-22 02:44:37'),
    ('ant with pipes', (select user_id from registered_user where user_name = 'nobody'), '2023-06-20 01:01:11'),
    ('ant with a headache', (select user_id from registered_user where user_name = 'nobody'), '2023-06-20 00:59:18'),
    ('ant just going through the motions', (select user_id from registered_user where user_name = 'nobody'), '2023-06-20 00:59:11'),
    ('unemployed and emasculated ant', (select user_id from registered_user where user_name = 'nobody'), '2023-06-20 00:59:01'),
    ('judge ant (executioner too, dude got JOBS)', (select user_id from registered_user where user_name = 'nobody'), '2023-06-20 00:58:49'),
    ('ant who won''t stop eating batteries', (select user_id from registered_user where user_name = 'nobody'), '2023-06-20 00:57:59'),
    ('the ceo of ants', (select user_id from registered_user where user_name = 'nobody'), '2023-06-20 00:54:51'),
    ('ant doing the macarena', (select user_id from registered_user where user_name = 'nobody'), '2023-06-20 00:54:18'),
    ('ant checked out from reality', (select user_id from registered_user where user_name = 'nobody'), '2023-06-20 00:53:38'),
    ('ant discovering new ants', (select user_id from registered_user where user_name = 'nobody'), '2023-06-20 00:53:06'),
    ('um idk man that''s a lot of ants already', (select user_id from registered_user where user_name = 'nobody'), '2023-06-20 00:52:41'),
    ('ant fixated on her video game', (select user_id from registered_user where user_name = 'nobody'), '2023-06-20 00:51:35'),
    ('ant who feels kinda iffy about that ant suggestion', (select user_id from registered_user where user_name = 'nobody'), '2023-06-20 00:49:48'),
    ('ant with a human nose', (select user_id from registered_user where user_name = 'nobody'), '2023-06-20 00:49:11'),
    ('ant who gonna drunk text his ex', (select user_id from registered_user where user_name = 'nobody'), '2023-06-20 00:47:19'),
    ('ant who swears it was self defense', (select user_id from registered_user where user_name = 'nobody'), '2023-06-07 00:57:15'),
    ('a cry for help disguised as an ant suggestion', (select user_id from registered_user where user_name = 'nobody'), '2023-06-07 00:56:10'),
    ('ally ant (pride)', (select user_id from registered_user where user_name = 'nobody'), '2023-06-04 02:36:42'),
    ('ant with a cute haircut', (select user_id from registered_user where user_name = 'nobody'), '2023-06-04 02:35:56'),
    ('ant taking summer courses', (select user_id from registered_user where user_name = 'nobody'), '2023-06-04 02:35:21'),
    ('soviet ant', (select user_id from registered_user where user_name = 'nobody'), '2023-05-30 23:00:04'),
    ('vincant van gogh', (select user_id from registered_user where user_name = 'nobody'), '2023-05-28 03:47:08'),
    ('devil ant (ant number #666)', (select user_id from registered_user where user_name = 'nobody'), '2023-05-28 03:42:12'),
    ('ant that reads ant suggestions (meta-ant)', (select user_id from registered_user where user_name = 'nobody'), '2023-05-28 03:41:23'),
    ('toothpaste ant', (select user_id from registered_user where user_name = 'nobody'), '2023-01-28 04:55:52'),
    ('ant building projects', (select user_id from registered_user where user_name = 'nobody'), '2023-01-24 05:37:59'),
    ('ant who thinks that necrophilia thing is weird (not for him) but should def be legal', (select user_id from registered_user where user_name = 'nobody'), '2023-08-09 20:38:20'),
    ('martian ant (necrophiliac version)', (select user_id from registered_user where user_name = 'nobody'), '2023-08-09 20:33:17'),
    ('Ant who steps on me (please)', (select user_id from registered_user where user_name = 'nobody'), '2023-08-09 20:30:03'),
    ('ant who holds hands with thousands of other ants to sail down the amazon and fuck your day up', (select user_id from registered_user where user_name = 'nobody'), '2023-08-09 20:28:50'),
    ('necrophiliac ant if you dont have it already', (select user_id from registered_user where user_name = 'nobody'), '2023-08-09 20:20:24'),
    ('ant who regrets taking away the dead bodies because now his homies are sad', (select user_id from registered_user where user_name = 'nobody'), '2023-08-09 20:19:16'),
    ('ant who knows itll never happen because his old ant buddies dont cum anymore', (select user_id from registered_user where user_name = 'nobody'), '2023-08-09 20:18:59'),
    ('ant who faked a lot of proof tho, mustve hit the morgue', (select user_id from registered_user where user_name = 'nobody'), '2023-08-09 20:17:59'),
    ('Ant who ruined your life with slanderous rumors (dead body fun time related)', (select user_id from registered_user where user_name = 'nobody'), '2023-08-09 20:17:41'),
    ('Ant who faked a buggin for a restraining order to get the b off he b', (select user_id from registered_user where user_name = 'nobody'), '2023-08-09 20:17:12'),
    ('i gotta fart really bad rn also the world is spinning', (select user_id from registered_user where user_name = 'nobody'), '2023-08-09 20:13:31'),
    ('when im dead throw me in the ants', (select user_id from registered_user where user_name = 'nobody'), '2023-08-09 20:13:15'),
    ('Ant skipping out on the warm hoes for the chilly ones', (select user_id from registered_user where user_name = 'nobody'), '2023-08-09 20:09:25'),
    ('Ant who is in awe of the possibilities this life has to offer but is gonna do a necrophilia anyways', (select user_id from registered_user where user_name = 'nobody'), '2023-08-09 20:09:00'),
    ('Ant who says hear me out the baddies at the morgue dont have a gag reflex. Think. About. It', (select user_id from registered_user where user_name = 'nobody'), '2023-08-09 20:08:23'),
    ('Ant skipping out on the bars to dig up some uncontested cock at the cemetery', (select user_id from registered_user where user_name = 'nobody'), '2023-08-09 20:07:12'),
    ('Juror ant (jealous, also a necrophiliac, snitch)', (select user_id from registered_user where user_name = 'nobody'), '2023-08-09 20:06:19'),
    ('Judge ant (necrophiliac)', (select user_id from registered_user where user_name = 'nobody'), '2023-08-09 20:05:49'),
    ('Ant who gets off scott free with sexual bribery (wanna meet me at the morgue judge ant?)', (select user_id from registered_user where user_name = 'nobody'), '2023-08-09 20:05:33'),
    ('Ant who says hear me out the baddies at the morgue dont have a gag reflex', (select user_id from registered_user where user_name = 'nobody'), '2023-08-09 20:04:22'),
    ('pant', (select user_id from registered_user where user_name = 'nobody'), '2023-07-29 22:14:59'),
    ('ant eating a girl dinner', (select user_id from registered_user where user_name = 'nobody'), '2023-07-21 02:34:13'),
    ('ant who watched oppenheimer and barbie on the same day', (select user_id from registered_user where user_name = 'nobody'), '2023-07-21 02:33:45'),
    ('ant in the Oppenheimer movie but gets bombed', (select user_id from registered_user where user_name = 'nobody'), '2023-07-20 03:33:17'),
    ('ant that is in the Barbie movie, but is too small to see', (select user_id from registered_user where user_name = 'nobody'), '2023-07-20 03:33:00'),
    ('ant that kills itself', (select user_id from registered_user where user_name = 'nobody'), '2023-07-20 03:32:45'),
    ('ant who was in lindenhurst from july 1s 2023 to July 5th 2023', (select user_id from registered_user where user_name = 'nobody'), '2023-07-05 22:02:12'),
    ('ant who had a typo on the previous suggestion', (select user_id from registered_user where user_name = 'nobody'), '2023-07-05 22:01:13'),
    ('ant that was in lindenhurst from july', (select user_id from registered_user where user_name = 'nobody'), '2023-07-05 22:00:41'),
    ('coward', (select user_id from registered_user where user_name = 'nobody'), '2023-07-04 13:56:22'),
    ('ant who wants to try suplexing someone', (select user_id from registered_user where user_name = 'nobody'), '2023-07-04 13:56:16'),
    ('homely ant im gonna leave for cumslut ant', (select user_id from registered_user where user_name = 'nobody'), '2023-07-04 13:55:25'),
    ('ant who is the last remaining sould to know the truth about ants', (select user_id from registered_user where user_name = 'nobody'), '2023-07-04 13:54:45'),
    ('ant who isn''t an ant', (select user_id from registered_user where user_name = 'nobody'), '2023-07-04 13:52:01'),
    ('ant who is an ant', (select user_id from registered_user where user_name = 'nobody'), '2023-07-04 13:51:55'),
    ('ant who is you and also not nice to the elderly', (select user_id from registered_user where user_name = 'nobody'), '2023-07-04 13:51:47'),
    ('ant leaving you destitute (kaspar ant)', (select user_id from registered_user where user_name = 'nobody'), '2023-07-04 13:51:32'),
    ('ant with a new lease on your house hand it over', (select user_id from registered_user where user_name = 'nobody'), '2023-07-04 13:51:04'),
    ('ant who comes out at night (oiled up Michael Goldbe address 3342 W To', (select user_id from registered_user where user_name = 'nobody'), '2023-07-04 13:50:49'),
    ('ant who adopts your personality', (select user_id from registered_user where user_name = 'nobody'), '2023-07-04 13:49:52'),
    ('ant with 0 personality', (select user_id from registered_user where user_name = 'nobody'), '2023-07-04 13:49:46'),
    ('boring basic bitch ant', (select user_id from registered_user where user_name = 'nobody'), '2023-07-04 13:49:39'),
    ('your mom is an ant bro get fucked', (select user_id from registered_user where user_name = 'nobody'), '2023-07-04 13:49:12'),
    ('your mom', (select user_id from registered_user where user_name = 'nobody'), '2023-07-04 13:49:04'),
    ('nigerian prince ant', (select user_id from registered_user where user_name = 'nobody'), '2023-07-04 13:48:59'),
    ('thinly veiled personal attack ant', (select user_id from registered_user where user_name = 'nobody'), '2023-07-04 13:48:32'),
    ('ant who lives a very similar life to my friend and has all of his flaws', (select user_id from registered_user where user_name = 'nobody'), '2023-07-04 13:48:17'),
    ('ant who forgot to forget his girllfriend at the airport', (select user_id from registered_user where user_name = 'nobody'), '2023-07-04 13:48:03'),
    ('inspector ant dodododododoodooooo', (select user_id from registered_user where user_name = 'nobody'), '2023-07-04 13:47:02'),
    ('inspector ant (ant body inspector)', (select user_id from registered_user where user_name = 'nobody'), '2023-07-04 13:46:51'),
    ('ant inspector', (select user_id from registered_user where user_name = 'nobody'), '2023-07-04 13:46:31'),
    ('ant who crawled up your urethra and got cummd back out', (select user_id from registered_user where user_name = 'nobody'), '2023-07-04 13:46:21'),
    ('oh we haven''t had ant whomst got gralwed up your urethra and cummed back out in awhile', (select user_id from registered_user where user_name = 'nobody'), '2023-07-04 13:45:49'),
    ('ants for the ethical ants of ants', (select user_id from registered_user where user_name = 'nobody'), '2023-07-04 13:45:09'),
    ('and that''s an ant too', (select user_id from registered_user where user_name = 'nobody'), '2023-07-04 13:43:27'),
    ('ant who blames it on the dog', (select user_id from registered_user where user_name = 'nobody'), '2023-07-04 13:43:19'),
    ('great farter ant', (select user_id from registered_user where user_name = 'nobody'), '2023-07-04 13:43:11'),
    ('ant gonna rub my belly for ant bones if you feel me', (select user_id from registered_user where user_name = 'nobody'), '2023-07-04 13:43:05'),
    ('ant who is a fucking loser with no hope to turn it around', (select user_id from registered_user where user_name = 'nobody'), '2023-07-04 13:42:40'),
    ('ant gonna drive drunk anyways lol', (select user_id from registered_user where user_name = 'nobody'), '2023-07-04 13:41:31'),
    ('ant on his last DUI before they take he licence', (select user_id from registered_user where user_name = 'nobody'), '2023-07-04 13:41:22'),
    ('ant taking your identity (monthly email ant)', (select user_id from registered_user where user_name = 'nobody'), '2023-07-04 13:41:00'),
    ('(rizz)', (select user_id from registered_user where user_name = 'nobody'), '2023-07-04 13:40:36'),
    ('more crime ants', (select user_id from registered_user where user_name = 'nobody'), '2023-07-04 13:40:10'),
    ('beastiality ant', (select user_id from registered_user where user_name = 'nobody'), '2023-07-04 13:39:45'),
    ('ant in a god', (select user_id from registered_user where user_name = 'nobody'), '2023-07-04 13:39:40'),
    ('ant who only got that dog in him yesssa', (select user_id from registered_user where user_name = 'nobody'), '2023-07-04 13:39:36'),
    ('reformed ant', (select user_id from registered_user where user_name = 'nobody'), '2023-07-04 13:39:22'),
    ('ant educating racist ant in woke', (select user_id from registered_user where user_name = 'nobody'), '2023-07-04 13:39:17'),
    ('ant dropping slurs', (select user_id from registered_user where user_name = 'nobody'), '2023-07-04 13:39:08'),
    ('ant with big old hairy nuts', (select user_id from registered_user where user_name = 'nobody'), '2023-07-03 20:25:42'),
    ('ant otw home', (select user_id from registered_user where user_name = 'nobody'), '2023-06-25 07:53:26'),
    ('ant eating leaves', (select user_id from registered_user where user_name = 'nobody'), '2023-06-25 07:53:12'),
    ('ant keeping a leaf in its mouth', (select user_id from registered_user where user_name = 'nobody'), '2023-06-25 07:53:07'),
    ('ant who walked home with a leaf in its mouth', (select user_id from registered_user where user_name = 'nobody'), '2023-06-25 07:52:59'),
    ('ant with a leaf in its mouth', (select user_id from registered_user where user_name = 'nobody'), '2023-06-25 07:52:50'),
    ('h', (select user_id from registered_user where user_name = 'nobody'), '2023-06-25 05:40:29'),
    ('a', (select user_id from registered_user where user_name = 'nobody'), '2023-06-25 05:40:28'),
    ('n', (select user_id from registered_user where user_name = 'nobody'), '2023-06-25 05:40:27'),
    ('t', (select user_id from registered_user where user_name = 'nobody'), '2023-06-25 05:40:26'),
    ('t', (select user_id from registered_user where user_name = 'nobody'), '2023-06-25 05:40:10'),
    ('n', (select user_id from registered_user where user_name = 'nobody'), '2023-06-25 05:40:09'),
    ('a', (select user_id from registered_user where user_name = 'nobody'), '2023-06-25 05:40:08'),
    ('h', (select user_id from registered_user where user_name = 'nobody'), '2023-06-25 05:40:07'),
    ('cumslut ant', (select user_id from registered_user where user_name = 'nobody'), '2023-06-25 05:37:32'),
    ('hanted', (select user_id from registered_user where user_name = 'nobody'), '2023-06-25 05:29:30'),
    ('hanted', (select user_id from registered_user where user_name = 'nobody'), '2023-06-25 05:29:30'),
    ('hanted', (select user_id from registered_user where user_name = 'nobody'), '2023-06-25 05:26:35'),
    ('[object Object]', (select user_id from registered_user where user_name = 'nobody'), '2023-06-25 05:09:25'),
    ('Ant man', (select user_id from registered_user where user_name = 'nobody'), '2023-06-25 02:48:20'),
    ('Wheres my monthly email', (select user_id from registered_user where user_name = 'nobody'), '2023-06-20 02:47:46'),
    ('Wheres my newsletter bitch', (select user_id from registered_user where user_name = 'nobody'), '2023-06-20 02:38:44'),
    ('also hant', (select user_id from registered_user where user_name = 'nobody'), '2023-06-20 01:02:40'),
    ('im out of ant ideas gonna go now bye', (select user_id from registered_user where user_name = 'nobody'), '2023-06-20 01:02:36'),
    ('gymbro ant (puny)', (select user_id from registered_user where user_name = 'nobody'), '2023-06-20 01:02:21'),
    ('ant who doesn''t shut up', (select user_id from registered_user where user_name = 'nobody'), '2023-06-20 01:01:30'),
    ('https://youtu.be/dQw4w9WgXcQ', (select user_id from registered_user where user_name = 'nobody'), '2023-06-20 01:01:05'),
    ('ant with a fucking pipe', (select user_id from registered_user where user_name = 'nobody'), '2023-06-20 01:00:21'),
    ('the other ant is going to break free from me now and I will no longer feel this way', (select user_id from registered_user where user_name = 'nobody'), '2023-06-20 01:00:08'),
    ('ant resistance symbology in your anus tattoo idiot idiot idiot', (select user_id from registered_user where user_name = 'nobody'), '2023-06-20 00:59:47'),
    ('judge ant (hates your hair)', (select user_id from registered_user where user_name = 'nobody'), '2023-06-20 00:58:32'),
    ('judge ant (tv personality)', (select user_id from registered_user where user_name = 'nobody'), '2023-06-20 00:58:20'),
    ('ant in violation of his parole', (select user_id from registered_user where user_name = 'nobody'), '2023-06-20 00:58:07'),
    ('ant', (select user_id from registered_user where user_name = 'nobody'), '2023-06-20 00:57:41'),
    ('ant who does have a problem with you', (select user_id from registered_user where user_name = 'nobody'), '2023-06-20 00:56:08'),
    ('oj ant (did do it)', (select user_id from registered_user where user_name = 'nobody'), '2023-06-20 00:55:50'),
    ('the lebron jammy ron jaremy of ants', (select user_id from registered_user where user_name = 'nobody'), '2023-06-20 00:55:13'),
    ('megamind but like an ant version', (select user_id from registered_user where user_name = 'nobody'), '2023-06-20 00:54:38'),
    ('ant on your mind', (select user_id from registered_user where user_name = 'nobody'), '2023-06-20 00:54:26'),
    ('ant in your walls im in your walls im in your walls', (select user_id from registered_user where user_name = 'nobody'), '2023-06-20 00:53:50'),
    ('(anthropologist)', (select user_id from registered_user where user_name = 'nobody'), '2023-06-20 00:53:16'),
    ('duplicate ant', (select user_id from registered_user where user_name = 'nobody'), '2023-06-20 00:52:58'),
    ('duplicate ant', (select user_id from registered_user where user_name = 'nobody'), '2023-06-20 00:52:46'),
    ('ANTANTANTANTANTANTANTANT', (select user_id from registered_user where user_name = 'nobody'), '2023-06-20 00:52:31'),
    ('ant with a small thorax', (select user_id from registered_user where user_name = 'nobody'), '2023-06-20 00:52:22'),
    ('ant who wants to "lick" you', (select user_id from registered_user where user_name = 'nobody'), '2023-06-20 00:52:13'),
    ('mad scientist ant', (select user_id from registered_user where user_name = 'nobody'), '2023-06-20 00:51:47'),
    ('decomposing ant (exoskeleton)', (select user_id from registered_user where user_name = 'nobody'), '2023-06-20 00:51:10'),
    ('burnt ant', (select user_id from registered_user where user_name = 'nobody'), '2023-06-20 00:50:56'),
    ('ant on fire', (select user_id from registered_user where user_name = 'nobody'), '2023-06-20 00:50:52'),
    ('ant that would hate to be set on fire', (select user_id from registered_user where user_name = 'nobody'), '2023-06-20 00:50:47'),
    ('ant earning cash (wage slave ant)', (select user_id from registered_user where user_name = 'nobody'), '2023-06-20 00:50:28'),
    ('ant making plays', (select user_id from registered_user where user_name = 'nobody'), '2023-06-20 00:50:17'),
    ('ant who gonna do it anyways', (select user_id from registered_user where user_name = 'nobody'), '2023-06-20 00:50:01'),
    ('ant in your dad''s casket (well fed ant)', (select user_id from registered_user where user_name = 'nobody'), '2023-06-20 00:49:31'),
    ('cumslut ant', (select user_id from registered_user where user_name = 'nobody'), '2023-06-20 00:48:58'),
    ('bumbo ant the jumbo cunt', (select user_id from registered_user where user_name = 'nobody'), '2023-06-20 00:48:42'),
    ('ant who can''t leave', (select user_id from registered_user where user_name = 'nobody'), '2023-06-20 00:48:24'),
    ('ant who fucking sucks', (select user_id from registered_user where user_name = 'nobody'), '2023-06-20 00:47:57'),
    ('ant gonna break up with you (better looking than you ant)', (select user_id from registered_user where user_name = 'nobody'), '2023-06-20 00:47:37'),
    ('ant who hates his ex', (select user_id from registered_user where user_name = 'nobody'), '2023-06-20 00:47:08'),
    ('ant who got broke up with', (select user_id from registered_user where user_name = 'nobody'), '2023-06-20 00:47:01'),
    ('Pants', (select user_id from registered_user where user_name = 'nobody'), '2023-06-19 02:36:16'),
    ('roadant', (select user_id from registered_user where user_name = 'nobody'), '2023-06-19 00:33:55'),
    ('piss ant', (select user_id from registered_user where user_name = 'nobody'), '2023-06-19 00:22:10'),
    ('completant', (select user_id from registered_user where user_name = 'nobody'), '2023-06-19 00:21:01'),
    ('some other ant', (select user_id from registered_user where user_name = 'nobody'), '2023-06-11 19:16:48'),
    ('some ant', (select user_id from registered_user where user_name = 'nobody'), '2023-06-11 19:16:35'),
    ('ant seeking refuge on typesofants.org', (select user_id from registered_user where user_name = 'nobody'), '2023-06-07 00:56:27'),
    ('ant that lost it all', (select user_id from registered_user where user_name = 'nobody'), '2023-06-07 00:52:44'),
    ('gay ant (pride)', (select user_id from registered_user where user_name = 'nobody'), '2023-06-04 02:36:30'),
    ('ant with a smelly nose piercing', (select user_id from registered_user where user_name = 'nobody'), '2023-06-04 02:35:43'),
    ('ant that will graduate late', (select user_id from registered_user where user_name = 'nobody'), '2023-06-04 02:35:30'),
    ('ant that put their entire pussy into it', (select user_id from registered_user where user_name = 'nobody'), '2023-06-04 02:35:08'),
    ('ant that serves (cunt)', (select user_id from registered_user where user_name = 'nobody'), '2023-06-04 02:34:48'),
    ('ant that shitted down another ants throat', (select user_id from registered_user where user_name = 'nobody'), '2023-06-04 02:34:29'),
    ('antarchist', (select user_id from registered_user where user_name = 'nobody'), '2023-05-28 03:44:52'),
    ('antique shopper', (select user_id from registered_user where user_name = 'nobody'), '2023-05-28 03:39:49'),
    ('react ant', (select user_id from registered_user where user_name = 'nobody'), '2023-05-28 02:32:03'),
    ('ant who''s depressed (can''t)', (select user_id from registered_user where user_name = 'nobody'), '2023-05-28 02:03:18'),
    ('xant (rapper)', (select user_id from registered_user where user_name = 'nobody'), '2023-02-16 19:50:18'),
    ('franch', (select user_id from registered_user where user_name = 'nobody'), '2023-02-16 19:45:26'),
    ('fluant', (select user_id from registered_user where user_name = 'nobody'), '2023-02-16 19:45:22'),
    ('pion ant', (select user_id from registered_user where user_name = 'nobody'), '2023-02-16 19:41:41'),
    ('ant that does not shower or brush its teeth', (select user_id from registered_user where user_name = 'nobody'), '2023-01-24 05:43:43')
  ;

insert into ant_release (ant_id, release_number, ant_content, ant_content_hash)
  values
    ((select ant_id from ant where suggested_content = 'mouco ant' and created_at = '2023-08-11 00:21:40'), 31, 'mouco ant', 135973126),
    ((select ant_id from ant where suggested_content = 'barbie ant' and created_at = '2023-07-23 01:38:03'), 30, 'barbie ant', 1832922195),
    ((select ant_id from ant where suggested_content = 'ant eating a girl dinner (crumbs)' and created_at = '2023-07-21 02:34:23'), 30, 'ant eating a girl dinner (crumbs)', 1837895631),
    ((select ant_id from ant where suggested_content = 'ant whose life is spared because this website' and created_at = '2023-07-20 03:33:39'), 30, 'ant whose life is spared because of this website', 791374513),
    ((select ant_id from ant where suggested_content = 'ant who got eaten by a dog' and created_at = '2023-07-08 19:38:39'), 30, 'ant who got eaten by a dog', 2074697538),
    ((select ant_id from ant where suggested_content = 'ant who runs ads for typesofants.org' and created_at = '2023-07-05 22:56:51'), 30, 'ant who runs marketing for typesofants.org', 842295365),
    ((select ant_id from ant where suggested_content = 'Ant that does the seo for this unfindable site' and created_at = '2023-07-05 22:56:26'), 30, 'ant who does the search engine optimization for this unfindable site', 1247826179),
    ((select ant_id from ant where suggested_content = 'ant who gave up on typesofants.org' and created_at = '2023-07-04 14:09:35'), 30, 'ant who gave up', 1372552696),
    ((select ant_id from ant where suggested_content = 'ant tryna broaden his horizons' and created_at = '2023-07-04 13:56:00'), 30, 'ant trying to broaden its horizons', 1689388811),
    ((select ant_id from ant where suggested_content = 'typecast ant' and created_at = '2023-07-04 13:55:51'), 30, 'typecast ant', 1035566784),
    ((select ant_id from ant where suggested_content = 'ant little brother who dies early' and created_at = '2023-07-04 13:55:37'), 30, 'ant whose little brother dies too early (movie)', 21067820),
    ((select ant_id from ant where suggested_content = 'Side character ant (you)' and created_at = '2023-07-04 13:55:08'), 30, 'side character ant (you)', 1572993050),
    ((select ant_id from ant where suggested_content = 'protagonist ant (me)' and created_at = '2023-07-04 13:55:01'), 30, 'protagonist ant (me)', 1667343429),
    ((select ant_id from ant where suggested_content = 'ant but like quieter than normal because we''re using our inside voices' and created_at = '2023-07-04 13:52:23'), 30, 'ant but quieter (inside voice)', 292187435),
    ((select ant_id from ant where suggested_content = 'ant taking the kids' and created_at = '2023-07-04 13:51:18'), 30, 'ant taking the kids', 1388763551),
    ((select ant_id from ant where suggested_content = 'ant foreclosing on a family' and created_at = '2023-07-04 13:51:12'), 30, 'ant foreclosing on a family', 565187780),
    ((select ant_id from ant where suggested_content = 'ant with multiple personalities' and created_at = '2023-07-04 13:50:00'), 30, 'ant with multiple personalities', 1422115678),
    ((select ant_id from ant where suggested_content = 'uncreative ant' and created_at = '2023-07-04 13:49:29'), 30, 'uncreative ant', 546174735),
    ((select ant_id from ant where suggested_content = 'ant who swears the picnic was today' and created_at = '2023-07-04 13:47:49'), 30, 'ant who swears the picnic was today', 662804636),
    ((select ant_id from ant where suggested_content = 'ant in the microwave' and created_at = '2023-07-04 13:47:39'), 30, 'ant in the microwave', 487188524),
    ((select ant_id from ant where suggested_content = 'one legged ant (run)' and created_at = '2023-07-04 13:47:18'), 30, 'one legged ant', 1699013177),
    ((select ant_id from ant where suggested_content = 'inspector ant' and created_at = '2023-07-04 13:46:37'), 30, 'inspector ant', 1276636478),
    ((select ant_id from ant where suggested_content = 'can''t an ant just go to bed' and created_at = '2023-07-04 13:44:58'), 30, 'can''t an ant just go to bed', 786079913),
    ((select ant_id from ant where suggested_content = 'ant who worries this site is dying' and created_at = '2023-07-04 13:43:52'), 30, 'ant who worries this site is dying', 1381531499),
    ((select ant_id from ant where suggested_content = 'ant who isn''t depressed so much as sentient' and created_at = '2023-07-04 13:42:51'), 30, 'ant who isn''t depressed so much as sentient', 1650024304),
    ((select ant_id from ant where suggested_content = 'ant who can''t get better' and created_at = '2023-07-04 13:42:23'), 30, 'ant who can''t get better', 1473123768),
    ((select ant_id from ant where suggested_content = 'ant who doesn''t get it' and created_at = '2023-07-04 13:41:59'), 30, 'ant who doesn''t get it', 1058891407),
    ((select ant_id from ant where suggested_content = 'burglar ant' and created_at = '2023-07-04 13:40:43'), 30, 'burglar ant', 1949117980),
    ((select ant_id from ant where suggested_content = 'embezzlement ant' and created_at = '2023-07-04 13:40:30'), 30, 'embezzlement ant', 1527793226),
    ((select ant_id from ant where suggested_content = 'ant NFT, antchain' and created_at = '2023-07-03 23:39:25'), 30, 'ant nft', 1298424836),
    ((select ant_id from ant where suggested_content = 'Mountaint' and created_at = '2023-06-30 01:17:05'), 30, 'mountaint', 457455495),
    ((select ant_id from ant where suggested_content = 'Snowpants' and created_at = '2023-06-30 01:16:33'), 30, 'snowpants', 2126222394),
    ((select ant_id from ant where suggested_content = 'ant smelling the roses' and created_at = '2023-06-25 07:54:16'), 30, 'ant smelling the roses', 1966965382),
    ((select ant_id from ant where suggested_content = 'ant going to bed' and created_at = '2023-06-25 07:54:04'), 30, 'ant going to bed', 18210779),
    ((select ant_id from ant where suggested_content = 'pioneer ant' and created_at = '2023-06-25 07:53:54'), 30, 'pioneer ant', 1411405826),
    ((select ant_id from ant where suggested_content = 'ant on a journey' and created_at = '2023-06-25 07:53:45'), 30, 'ant on a journey', 1818159002),
    ((select ant_id from ant where suggested_content = 'ant chomping leaves' and created_at = '2023-06-25 07:53:20'), 30, 'ant chomping leaves', 148377071),
    ((select ant_id from ant where suggested_content = 'ant on twitter! @typesofants' and created_at = '2023-06-22 02:47:54'), 30, 'ant on twitter! @typesofants', 975362727),
    ((select ant_id from ant where suggested_content = 'ant learning to code' and created_at = '2023-06-22 02:45:10'), 30, 'ant learning to code', 1718150793),
    ((select ant_id from ant where suggested_content = 'ant with an umbrella' and created_at = '2023-06-22 02:45:04'), 30, 'ant with an umbrella', 1291827351),
    ((select ant_id from ant where suggested_content = 'ant in a submarine' and created_at = '2023-06-22 02:44:37'), 30, 'ant in a submarine', 879724514),
    ((select ant_id from ant where suggested_content = 'ant with pipes' and created_at = '2023-06-20 01:01:11'), 30, 'ant with pipes', 1428669572),
    ((select ant_id from ant where suggested_content = 'ant with a headache' and created_at = '2023-06-20 00:59:18'), 30, 'ant with a headache', 846154431),
    ((select ant_id from ant where suggested_content = 'ant just going through the motions' and created_at = '2023-06-20 00:59:11'), 30, 'ant just going through the motions', 1562456563),
    ((select ant_id from ant where suggested_content = 'unemployed and emasculated ant' and created_at = '2023-06-20 00:59:01'), 30, 'unemployed and emasculated ant', 792892119),
    ((select ant_id from ant where suggested_content = 'judge ant (executioner too, dude got JOBS)' and created_at = '2023-06-20 00:58:49'), 30, 'judge ant (executioner, too)', 740536745),
    ((select ant_id from ant where suggested_content = 'ant who won''t stop eating batteries' and created_at = '2023-06-20 00:57:59'), 30, 'ant who won''t stop eating batteries', 348453115),
    ((select ant_id from ant where suggested_content = 'the ceo of ants' and created_at = '2023-06-20 00:54:51'), 30, 'the ceo of ants', 1685814803),
    ((select ant_id from ant where suggested_content = 'ant doing the macarena' and created_at = '2023-06-20 00:54:18'), 30, 'ant doing the macarena', 2028626633),
    ((select ant_id from ant where suggested_content = 'ant checked out from reality' and created_at = '2023-06-20 00:53:38'), 30, 'ant checked out from reality', 1255958238),
    ((select ant_id from ant where suggested_content = 'ant discovering new ants' and created_at = '2023-06-20 00:53:06'), 30, 'ant discovering new ants', 167850860),
    ((select ant_id from ant where suggested_content = 'um idk man that''s a lot of ants already' and created_at = '2023-06-20 00:52:41'), 30, 'uhhh idk man there''s a lot of ants already', 1952240493),
    ((select ant_id from ant where suggested_content = 'ant fixated on her video game' and created_at = '2023-06-20 00:51:35'), 30, 'ant fixated on its video (eating dinner)', 1868881886),
    ((select ant_id from ant where suggested_content = 'ant who feels kinda iffy about that ant suggestion' and created_at = '2023-06-20 00:49:48'), 30, 'ant who feels kinda iffy about that last ant suggestion', 1039327504),
    ((select ant_id from ant where suggested_content = 'ant with a human nose' and created_at = '2023-06-20 00:49:11'), 30, 'ant with a human nose', 1785444135),
    ((select ant_id from ant where suggested_content = 'ant who gonna drunk text his ex' and created_at = '2023-06-20 00:47:19'), 30, 'ant who is gonna drunk text his ex', 2030366775),
    ((select ant_id from ant where suggested_content = 'ant who swears it was self defense' and created_at = '2023-06-07 00:57:15'), 30, 'ant who swears it was self defense', 1859697717),
    ((select ant_id from ant where suggested_content = 'a cry for help disguised as an ant suggestion' and created_at = '2023-06-07 00:56:10'), 30, 'a cry for help disguised as an ant suggestion', 80545584),
    ((select ant_id from ant where suggested_content = 'ally ant (pride)' and created_at = '2023-06-04 02:36:42'), 30, 'ally ant (pride month)', 524288489),
    ((select ant_id from ant where suggested_content = 'ant with a cute haircut' and created_at = '2023-06-04 02:35:56'), 30, 'ant with a cute haircut', 2056725156),
    ((select ant_id from ant where suggested_content = 'ant taking summer courses' and created_at = '2023-06-04 02:35:21'), 30, 'ant taking summer courses', 1160461034),
    ((select ant_id from ant where suggested_content = 'soviet ant' and created_at = '2023-05-30 23:00:04'), 30, 'soviet ant', 1303318981),
    ((select ant_id from ant where suggested_content = 'vincant van gogh' and created_at = '2023-05-28 03:47:08'), 30, 'vincant van gogh', 1733050472),
    ((select ant_id from ant where suggested_content = 'devil ant (ant number #666)' and created_at = '2023-05-28 03:42:12'), 30, 'devil ant (suggestion #666)', 1519168258),
    ((select ant_id from ant where suggested_content = 'ant that reads ant suggestions (meta-ant)' and created_at = '2023-05-28 03:41:23'), 30, 'ant that reads ant suggestions (meta ant)', 2017105314),
    ((select ant_id from ant where suggested_content = 'toothpaste ant' and created_at = '2023-01-28 04:55:52'), 30, 'toothpaste ant', 403536147),
    ((select ant_id from ant where suggested_content = 'ant building projects' and created_at = '2023-01-24 05:37:59'), 31, 'ant building projects', 303325805)
  ;

insert into ant_declined (ant_id, ant_declined_user_id, ant_declined_at)
  values
    ((select ant_id from ant where suggested_content = 'ant who thinks that necrophilia thing is weird (not for him) but should def be legal' and created_at = '2023-08-09 20:38:20'), (select user_id from registered_user where user_name = 'kaspar'), '2023-08-10 22:54:08'),
    ((select ant_id from ant where suggested_content = 'martian ant (necrophiliac version)' and created_at = '2023-08-09 20:33:17'), (select user_id from registered_user where user_name = 'kaspar'), '2023-08-10 22:54:08'),
    ((select ant_id from ant where suggested_content = 'Ant who steps on me (please)' and created_at = '2023-08-09 20:30:03'), (select user_id from registered_user where user_name = 'kaspar'), '2023-08-10 22:54:08'),
    ((select ant_id from ant where suggested_content = 'ant who holds hands with thousands of other ants to sail down the amazon and fuck your day up' and created_at = '2023-08-09 20:28:50'), (select user_id from registered_user where user_name = 'kaspar'), '2023-08-10 22:54:07'),
    ((select ant_id from ant where suggested_content = 'necrophiliac ant if you dont have it already' and created_at = '2023-08-09 20:20:24'), (select user_id from registered_user where user_name = 'kaspar'), '2023-08-10 22:54:07'),
    ((select ant_id from ant where suggested_content = 'ant who regrets taking away the dead bodies because now his homies are sad' and created_at = '2023-08-09 20:19:16'), (select user_id from registered_user where user_name = 'kaspar'), '2023-08-10 22:54:06'),
    ((select ant_id from ant where suggested_content = 'ant who knows itll never happen because his old ant buddies dont cum anymore' and created_at = '2023-08-09 20:18:59'), (select user_id from registered_user where user_name = 'kaspar'), '2023-08-10 22:52:55'),
    ((select ant_id from ant where suggested_content = 'ant who faked a lot of proof tho, mustve hit the morgue' and created_at = '2023-08-09 20:17:59'), (select user_id from registered_user where user_name = 'kaspar'), '2023-08-10 22:52:55'),
    ((select ant_id from ant where suggested_content = 'Ant who ruined your life with slanderous rumors (dead body fun time related)' and created_at = '2023-08-09 20:17:41'), (select user_id from registered_user where user_name = 'kaspar'), '2023-08-10 22:52:54'),
    ((select ant_id from ant where suggested_content = 'Ant who faked a buggin for a restraining order to get the b off he b' and created_at = '2023-08-09 20:17:12'), (select user_id from registered_user where user_name = 'kaspar'), '2023-08-10 22:52:54'),
    ((select ant_id from ant where suggested_content = 'i gotta fart really bad rn also the world is spinning' and created_at = '2023-08-09 20:13:31'), (select user_id from registered_user where user_name = 'kaspar'), '2023-08-10 22:52:54'),
    ((select ant_id from ant where suggested_content = 'when im dead throw me in the ants' and created_at = '2023-08-09 20:13:15'), (select user_id from registered_user where user_name = 'kaspar'), '2023-08-10 22:52:54'),
    ((select ant_id from ant where suggested_content = 'Ant skipping out on the warm hoes for the chilly ones' and created_at = '2023-08-09 20:09:25'), (select user_id from registered_user where user_name = 'kaspar'), '2023-08-10 22:52:53'),
    ((select ant_id from ant where suggested_content = 'Ant who is in awe of the possibilities this life has to offer but is gonna do a necrophilia anyways' and created_at = '2023-08-09 20:09:00'), (select user_id from registered_user where user_name = 'kaspar'), '2023-08-10 22:52:52'),
    ((select ant_id from ant where suggested_content = 'Ant who says hear me out the baddies at the morgue dont have a gag reflex. Think. About. It' and created_at = '2023-08-09 20:08:23'), (select user_id from registered_user where user_name = 'kaspar'), '2023-08-10 22:51:54'),
    ((select ant_id from ant where suggested_content = 'Ant skipping out on the bars to dig up some uncontested cock at the cemetery' and created_at = '2023-08-09 20:07:12'), (select user_id from registered_user where user_name = 'kaspar'), '2023-08-10 22:51:54'),
    ((select ant_id from ant where suggested_content = 'Juror ant (jealous, also a necrophiliac, snitch)' and created_at = '2023-08-09 20:06:19'), (select user_id from registered_user where user_name = 'kaspar'), '2023-08-10 22:51:54'),
    ((select ant_id from ant where suggested_content = 'Judge ant (necrophiliac)' and created_at = '2023-08-09 20:05:49'), (select user_id from registered_user where user_name = 'kaspar'), '2023-08-10 22:51:53'),
    ((select ant_id from ant where suggested_content = 'Ant who gets off scott free with sexual bribery (wanna meet me at the morgue judge ant?)' and created_at = '2023-08-09 20:05:33'), (select user_id from registered_user where user_name = 'kaspar'), '2023-08-10 22:51:53'),
    ((select ant_id from ant where suggested_content = 'Ant who says hear me out the baddies at the morgue dont have a gag reflex' and created_at = '2023-08-09 20:04:22'), (select user_id from registered_user where user_name = 'kaspar'), '2023-08-10 22:51:53'),
    ((select ant_id from ant where suggested_content = 'pant' and created_at = '2023-07-29 22:14:59'), (select user_id from registered_user where user_name = 'kaspar'), '2023-08-08 02:10:53'),
    ((select ant_id from ant where suggested_content = 'ant eating a girl dinner' and created_at = '2023-07-21 02:34:13'), (select user_id from registered_user where user_name = 'kaspar'), '2023-08-08 02:40:58'),
    ((select ant_id from ant where suggested_content = 'ant who watched oppenheimer and barbie on the same day' and created_at = '2023-07-21 02:33:45'), (select user_id from registered_user where user_name = 'kaspar'), '2023-08-08 02:40:57'),
    ((select ant_id from ant where suggested_content = 'ant in the Oppenheimer movie but gets bombed' and created_at = '2023-07-20 03:33:17'), (select user_id from registered_user where user_name = 'kaspar'), '2023-08-08 02:40:57'),
    ((select ant_id from ant where suggested_content = 'ant that is in the Barbie movie, but is too small to see' and created_at = '2023-07-20 03:33:00'), (select user_id from registered_user where user_name = 'kaspar'), '2023-08-08 02:40:56'),
    ((select ant_id from ant where suggested_content = 'ant that kills itself' and created_at = '2023-07-20 03:32:45'), (select user_id from registered_user where user_name = 'kaspar'), '2023-08-08 02:10:53'),
    ((select ant_id from ant where suggested_content = 'ant who was in lindenhurst from july 1s 2023 to July 5th 2023' and created_at = '2023-07-05 22:02:12'), (select user_id from registered_user where user_name = 'kaspar'), '2023-08-08 02:10:52'),
    ((select ant_id from ant where suggested_content = 'ant who had a typo on the previous suggestion' and created_at = '2023-07-05 22:01:13'), (select user_id from registered_user where user_name = 'kaspar'), '2023-08-08 02:40:55'),
    ((select ant_id from ant where suggested_content = 'ant that was in lindenhurst from july' and created_at = '2023-07-05 22:00:41'), (select user_id from registered_user where user_name = 'kaspar'), '2023-08-08 02:10:52'),
    ((select ant_id from ant where suggested_content = 'coward' and created_at = '2023-07-04 13:56:22'), (select user_id from registered_user where user_name = 'kaspar'), '2023-08-08 02:10:52'),
    ((select ant_id from ant where suggested_content = 'ant who wants to try suplexing someone' and created_at = '2023-07-04 13:56:16'), (select user_id from registered_user where user_name = 'kaspar'), '2023-08-08 02:40:55'),
    ((select ant_id from ant where suggested_content = 'homely ant im gonna leave for cumslut ant' and created_at = '2023-07-04 13:55:25'), (select user_id from registered_user where user_name = 'kaspar'), '2023-08-08 02:10:51'),
    ((select ant_id from ant where suggested_content = 'ant who is the last remaining sould to know the truth about ants' and created_at = '2023-07-04 13:54:45'), (select user_id from registered_user where user_name = 'kaspar'), '2023-08-08 02:40:53'),
    ((select ant_id from ant where suggested_content = 'ant who isn''t an ant' and created_at = '2023-07-04 13:52:01'), (select user_id from registered_user where user_name = 'kaspar'), '2023-08-08 02:40:52'),
    ((select ant_id from ant where suggested_content = 'ant who is an ant' and created_at = '2023-07-04 13:51:55'), (select user_id from registered_user where user_name = 'kaspar'), '2023-08-08 02:40:52'),
    ((select ant_id from ant where suggested_content = 'ant who is you and also not nice to the elderly' and created_at = '2023-07-04 13:51:47'), (select user_id from registered_user where user_name = 'kaspar'), '2023-08-08 02:40:52'),
    ((select ant_id from ant where suggested_content = 'ant leaving you destitute (kaspar ant)' and created_at = '2023-07-04 13:51:32'), (select user_id from registered_user where user_name = 'kaspar'), '2023-08-08 02:40:51'),
    ((select ant_id from ant where suggested_content = 'ant with a new lease on your house hand it over' and created_at = '2023-07-04 13:51:04'), (select user_id from registered_user where user_name = 'kaspar'), '2023-08-08 02:43:02'),
    ((select ant_id from ant where suggested_content = 'ant who comes out at night (oiled up Michael Goldbe address 3342 W To' and created_at = '2023-07-04 13:50:49'), (select user_id from registered_user where user_name = 'kaspar'), '2023-08-08 02:19:22'),
    ((select ant_id from ant where suggested_content = 'ant who adopts your personality' and created_at = '2023-07-04 13:49:52'), (select user_id from registered_user where user_name = 'kaspar'), '2023-08-08 02:43:01'),
    ((select ant_id from ant where suggested_content = 'ant with 0 personality' and created_at = '2023-07-04 13:49:46'), (select user_id from registered_user where user_name = 'kaspar'), '2023-08-08 02:43:01'),
    ((select ant_id from ant where suggested_content = 'boring basic bitch ant' and created_at = '2023-07-04 13:49:39'), (select user_id from registered_user where user_name = 'kaspar'), '2023-08-08 02:19:22'),
    ((select ant_id from ant where suggested_content = 'your mom is an ant bro get fucked' and created_at = '2023-07-04 13:49:12'), (select user_id from registered_user where user_name = 'kaspar'), '2023-08-08 02:19:35'),
    ((select ant_id from ant where suggested_content = 'your mom' and created_at = '2023-07-04 13:49:04'), (select user_id from registered_user where user_name = 'kaspar'), '2023-08-08 02:19:34'),
    ((select ant_id from ant where suggested_content = 'nigerian prince ant' and created_at = '2023-07-04 13:48:59'), (select user_id from registered_user where user_name = 'kaspar'), '2023-08-08 02:43:00'),
    ((select ant_id from ant where suggested_content = 'thinly veiled personal attack ant' and created_at = '2023-07-04 13:48:32'), (select user_id from registered_user where user_name = 'kaspar'), '2023-08-08 02:43:00'),
    ((select ant_id from ant where suggested_content = 'ant who lives a very similar life to my friend and has all of his flaws' and created_at = '2023-07-04 13:48:17'), (select user_id from registered_user where user_name = 'kaspar'), '2023-08-08 02:43:00'),
    ((select ant_id from ant where suggested_content = 'ant who forgot to forget his girllfriend at the airport' and created_at = '2023-07-04 13:48:03'), (select user_id from registered_user where user_name = 'kaspar'), '2023-08-08 02:30:11'),
    ((select ant_id from ant where suggested_content = 'inspector ant dodododododoodooooo' and created_at = '2023-07-04 13:47:02'), (select user_id from registered_user where user_name = 'kaspar'), '2023-08-08 02:19:22'),
    ((select ant_id from ant where suggested_content = 'inspector ant (ant body inspector)' and created_at = '2023-07-04 13:46:51'), (select user_id from registered_user where user_name = 'kaspar'), '2023-08-08 02:19:22'),
    ((select ant_id from ant where suggested_content = 'ant inspector' and created_at = '2023-07-04 13:46:31'), (select user_id from registered_user where user_name = 'kaspar'), '2023-08-08 02:19:21'),
    ((select ant_id from ant where suggested_content = 'ant who crawled up your urethra and got cummd back out' and created_at = '2023-07-04 13:46:21'), (select user_id from registered_user where user_name = 'kaspar'), '2023-08-08 02:19:21'),
    ((select ant_id from ant where suggested_content = 'oh we haven''t had ant whomst got gralwed up your urethra and cummed back out in awhile' and created_at = '2023-07-04 13:45:49'), (select user_id from registered_user where user_name = 'kaspar'), '2023-08-08 02:19:21'),
    ((select ant_id from ant where suggested_content = 'ants for the ethical ants of ants' and created_at = '2023-07-04 13:45:09'), (select user_id from registered_user where user_name = 'kaspar'), '2023-08-08 02:30:11'),
    ((select ant_id from ant where suggested_content = 'and that''s an ant too' and created_at = '2023-07-04 13:43:27'), (select user_id from registered_user where user_name = 'kaspar'), '2023-08-08 02:19:58'),
    ((select ant_id from ant where suggested_content = 'ant who blames it on the dog' and created_at = '2023-07-04 13:43:19'), (select user_id from registered_user where user_name = 'kaspar'), '2023-08-08 02:42:57'),
    ((select ant_id from ant where suggested_content = 'great farter ant' and created_at = '2023-07-04 13:43:11'), (select user_id from registered_user where user_name = 'kaspar'), '2023-08-08 02:19:58'),
    ((select ant_id from ant where suggested_content = 'ant gonna rub my belly for ant bones if you feel me' and created_at = '2023-07-04 13:43:05'), (select user_id from registered_user where user_name = 'kaspar'), '2023-08-08 02:30:11'),
    ((select ant_id from ant where suggested_content = 'ant who is a fucking loser with no hope to turn it around' and created_at = '2023-07-04 13:42:40'), (select user_id from registered_user where user_name = 'kaspar'), '2023-08-08 02:19:57'),
    ((select ant_id from ant where suggested_content = 'ant gonna drive drunk anyways lol' and created_at = '2023-07-04 13:41:31'), (select user_id from registered_user where user_name = 'kaspar'), '2023-08-08 02:42:56'),
    ((select ant_id from ant where suggested_content = 'ant on his last DUI before they take he licence' and created_at = '2023-07-04 13:41:22'), (select user_id from registered_user where user_name = 'kaspar'), '2023-08-08 02:42:56'),
    ((select ant_id from ant where suggested_content = 'ant taking your identity (monthly email ant)' and created_at = '2023-07-04 13:41:00'), (select user_id from registered_user where user_name = 'kaspar'), '2023-08-08 02:42:55'),
    ((select ant_id from ant where suggested_content = '(rizz)' and created_at = '2023-07-04 13:40:36'), (select user_id from registered_user where user_name = 'kaspar'), '2023-08-08 02:29:36'),
    ((select ant_id from ant where suggested_content = 'more crime ants' and created_at = '2023-07-04 13:40:10'), (select user_id from registered_user where user_name = 'kaspar'), '2023-08-08 02:42:54'),
    ((select ant_id from ant where suggested_content = 'beastiality ant' and created_at = '2023-07-04 13:39:45'), (select user_id from registered_user where user_name = 'kaspar'), '2023-08-08 02:44:38'),
    ((select ant_id from ant where suggested_content = 'ant in a god' and created_at = '2023-07-04 13:39:40'), (select user_id from registered_user where user_name = 'kaspar'), '2023-08-08 02:44:38'),
    ((select ant_id from ant where suggested_content = 'ant who only got that dog in him yesssa' and created_at = '2023-07-04 13:39:36'), (select user_id from registered_user where user_name = 'kaspar'), '2023-08-08 02:44:37'),
    ((select ant_id from ant where suggested_content = 'reformed ant' and created_at = '2023-07-04 13:39:22'), (select user_id from registered_user where user_name = 'kaspar'), '2023-08-08 02:44:37'),
    ((select ant_id from ant where suggested_content = 'ant educating racist ant in woke' and created_at = '2023-07-04 13:39:17'), (select user_id from registered_user where user_name = 'kaspar'), '2023-08-08 02:44:37'),
    ((select ant_id from ant where suggested_content = 'ant dropping slurs' and created_at = '2023-07-04 13:39:08'), (select user_id from registered_user where user_name = 'kaspar'), '2023-08-08 02:44:36'),
    ((select ant_id from ant where suggested_content = 'ant with big old hairy nuts' and created_at = '2023-07-03 20:25:42'), (select user_id from registered_user where user_name = 'kaspar'), '2023-08-08 02:24:36'),
    ((select ant_id from ant where suggested_content = 'ant otw home' and created_at = '2023-06-25 07:53:26'), (select user_id from registered_user where user_name = 'kaspar'), '2023-08-08 02:44:34'),
    ((select ant_id from ant where suggested_content = 'ant eating leaves' and created_at = '2023-06-25 07:53:12'), (select user_id from registered_user where user_name = 'kaspar'), '2023-08-08 02:44:33'),
    ((select ant_id from ant where suggested_content = 'ant keeping a leaf in its mouth' and created_at = '2023-06-25 07:53:07'), (select user_id from registered_user where user_name = 'kaspar'), '2023-08-08 02:44:33'),
    ((select ant_id from ant where suggested_content = 'ant who walked home with a leaf in its mouth' and created_at = '2023-06-25 07:52:59'), (select user_id from registered_user where user_name = 'kaspar'), '2023-08-08 02:44:32'),
    ((select ant_id from ant where suggested_content = 'ant with a leaf in its mouth' and created_at = '2023-06-25 07:52:50'), (select user_id from registered_user where user_name = 'kaspar'), '2023-08-08 02:44:32'),
    ((select ant_id from ant where suggested_content = 'h' and created_at = '2023-06-25 05:40:29'), (select user_id from registered_user where user_name = 'kaspar'), '2023-08-08 02:23:18'),
    ((select ant_id from ant where suggested_content = 'a' and created_at = '2023-06-25 05:40:28'), (select user_id from registered_user where user_name = 'kaspar'), '2023-08-08 02:23:17'),
    ((select ant_id from ant where suggested_content = 'n' and created_at = '2023-06-25 05:40:27'), (select user_id from registered_user where user_name = 'kaspar'), '2023-08-08 02:23:08'),
    ((select ant_id from ant where suggested_content = 't' and created_at = '2023-06-25 05:40:26'), (select user_id from registered_user where user_name = 'kaspar'), '2023-08-08 02:23:08'),
    ((select ant_id from ant where suggested_content = 't' and created_at = '2023-06-25 05:40:10'), (select user_id from registered_user where user_name = 'kaspar'), '2023-08-08 02:23:08'),
    ((select ant_id from ant where suggested_content = 'n' and created_at = '2023-06-25 05:40:09'), (select user_id from registered_user where user_name = 'kaspar'), '2023-08-08 02:23:07'),
    ((select ant_id from ant where suggested_content = 'a' and created_at = '2023-06-25 05:40:08'), (select user_id from registered_user where user_name = 'kaspar'), '2023-08-08 02:23:07'),
    ((select ant_id from ant where suggested_content = 'h' and created_at = '2023-06-25 05:40:07'), (select user_id from registered_user where user_name = 'kaspar'), '2023-08-08 02:23:07'),
    ((select ant_id from ant where suggested_content = 'cumslut ant' and created_at = '2023-06-25 05:37:32'), (select user_id from registered_user where user_name = 'kaspar'), '2023-08-08 02:23:06'),
    ((select ant_id from ant where suggested_content = '[object Object]' and created_at = '2023-06-25 05:09:25'), (select user_id from registered_user where user_name = 'kaspar'), '2023-08-08 02:22:30'),
    ((select ant_id from ant where suggested_content = 'Ant man' and created_at = '2023-06-25 02:48:20'), (select user_id from registered_user where user_name = 'kaspar'), '2023-08-08 02:44:32'),
    ((select ant_id from ant where suggested_content = 'Wheres my monthly email' and created_at = '2023-06-20 02:47:46'), (select user_id from registered_user where user_name = 'kaspar'), '2023-08-08 02:22:29'),
    ((select ant_id from ant where suggested_content = 'Wheres my newsletter bitch' and created_at = '2023-06-20 02:38:44'), (select user_id from registered_user where user_name = 'kaspar'), '2023-08-08 02:22:02'),
    ((select ant_id from ant where suggested_content = 'also hant' and created_at = '2023-06-20 01:02:40'), (select user_id from registered_user where user_name = 'kaspar'), '2023-08-08 02:22:01'),
    ((select ant_id from ant where suggested_content = 'im out of ant ideas gonna go now bye' and created_at = '2023-06-20 01:02:36'), (select user_id from registered_user where user_name = 'kaspar'), '2023-08-08 02:22:01'),
    ((select ant_id from ant where suggested_content = 'gymbro ant (puny)' and created_at = '2023-06-20 01:02:21'), (select user_id from registered_user where user_name = 'kaspar'), '2023-08-08 02:44:30'),
    ((select ant_id from ant where suggested_content = 'ant who doesn''t shut up' and created_at = '2023-06-20 01:01:30'), (select user_id from registered_user where user_name = 'kaspar'), '2023-08-08 02:46:27'),
    ((select ant_id from ant where suggested_content = 'https://youtu.be/dQw4w9WgXcQ' and created_at = '2023-06-20 01:01:05'), (select user_id from registered_user where user_name = 'kaspar'), '2023-08-08 02:22:00'),
    ((select ant_id from ant where suggested_content = 'ant with a fucking pipe' and created_at = '2023-06-20 01:00:21'), (select user_id from registered_user where user_name = 'kaspar'), '2023-08-08 02:22:00'),
    ((select ant_id from ant where suggested_content = 'the other ant is going to break free from me now and I will no longer feel this way' and created_at = '2023-06-20 01:00:08'), (select user_id from registered_user where user_name = 'kaspar'), '2023-08-08 02:46:26'),
    ((select ant_id from ant where suggested_content = 'ant resistance symbology in your anus tattoo idiot idiot idiot' and created_at = '2023-06-20 00:59:47'), (select user_id from registered_user where user_name = 'kaspar'), '2023-08-08 02:22:00'),
    ((select ant_id from ant where suggested_content = 'judge ant (hates your hair)' and created_at = '2023-06-20 00:58:32'), (select user_id from registered_user where user_name = 'kaspar'), '2023-08-08 02:46:25'),
    ((select ant_id from ant where suggested_content = 'judge ant (tv personality)' and created_at = '2023-06-20 00:58:20'), (select user_id from registered_user where user_name = 'kaspar'), '2023-08-08 02:46:24'),
    ((select ant_id from ant where suggested_content = 'ant in violation of his parole' and created_at = '2023-06-20 00:58:07'), (select user_id from registered_user where user_name = 'kaspar'), '2023-08-08 02:46:24'),
    ((select ant_id from ant where suggested_content = 'ant' and created_at = '2023-06-20 00:57:41'), (select user_id from registered_user where user_name = 'kaspar'), '2023-08-08 02:21:59'),
    ((select ant_id from ant where suggested_content = 'ant who does have a problem with you' and created_at = '2023-06-20 00:56:08'), (select user_id from registered_user where user_name = 'kaspar'), '2023-08-08 02:46:23'),
    ((select ant_id from ant where suggested_content = 'oj ant (did do it)' and created_at = '2023-06-20 00:55:50'), (select user_id from registered_user where user_name = 'kaspar'), '2023-08-08 02:46:23'),
    ((select ant_id from ant where suggested_content = 'the lebron jammy ron jaremy of ants' and created_at = '2023-06-20 00:55:13'), (select user_id from registered_user where user_name = 'kaspar'), '2023-08-08 02:46:23'),
    ((select ant_id from ant where suggested_content = 'megamind but like an ant version' and created_at = '2023-06-20 00:54:38'), (select user_id from registered_user where user_name = 'kaspar'), '2023-08-08 02:46:22'),
    ((select ant_id from ant where suggested_content = 'ant on your mind' and created_at = '2023-06-20 00:54:26'), (select user_id from registered_user where user_name = 'kaspar'), '2023-08-08 02:46:22'),
    ((select ant_id from ant where suggested_content = 'ant in your walls im in your walls im in your walls' and created_at = '2023-06-20 00:53:50'), (select user_id from registered_user where user_name = 'kaspar'), '2023-08-08 02:46:21'),
    ((select ant_id from ant where suggested_content = '(anthropologist)' and created_at = '2023-06-20 00:53:16'), (select user_id from registered_user where user_name = 'kaspar'), '2023-08-08 02:46:20'),
    ((select ant_id from ant where suggested_content = 'duplicate ant' and created_at = '2023-06-20 00:52:58'), (select user_id from registered_user where user_name = 'kaspar'), '2023-08-08 02:46:20'),
    ((select ant_id from ant where suggested_content = 'duplicate ant' and created_at = '2023-06-20 00:52:46'), (select user_id from registered_user where user_name = 'kaspar'), '2023-08-08 02:21:23'),
    ((select ant_id from ant where suggested_content = 'ANTANTANTANTANTANTANTANT' and created_at = '2023-06-20 00:52:31'), (select user_id from registered_user where user_name = 'kaspar'), '2023-08-08 02:46:19'),
    ((select ant_id from ant where suggested_content = 'ant with a small thorax' and created_at = '2023-06-20 00:52:22'), (select user_id from registered_user where user_name = 'kaspar'), '2023-08-08 02:47:48'),
    ((select ant_id from ant where suggested_content = 'ant who wants to "lick" you' and created_at = '2023-06-20 00:52:13'), (select user_id from registered_user where user_name = 'kaspar'), '2023-08-08 02:47:47'),
    ((select ant_id from ant where suggested_content = 'mad scientist ant' and created_at = '2023-06-20 00:51:47'), (select user_id from registered_user where user_name = 'kaspar'), '2023-08-08 02:47:47'),
    ((select ant_id from ant where suggested_content = 'decomposing ant (exoskeleton)' and created_at = '2023-06-20 00:51:10'), (select user_id from registered_user where user_name = 'kaspar'), '2023-08-08 02:47:47'),
    ((select ant_id from ant where suggested_content = 'burnt ant' and created_at = '2023-06-20 00:50:56'), (select user_id from registered_user where user_name = 'kaspar'), '2023-08-08 02:47:46'),
    ((select ant_id from ant where suggested_content = 'ant on fire' and created_at = '2023-06-20 00:50:52'), (select user_id from registered_user where user_name = 'kaspar'), '2023-08-08 02:47:46'),
    ((select ant_id from ant where suggested_content = 'ant that would hate to be set on fire' and created_at = '2023-06-20 00:50:47'), (select user_id from registered_user where user_name = 'kaspar'), '2023-08-08 02:47:46'),
    ((select ant_id from ant where suggested_content = 'ant earning cash (wage slave ant)' and created_at = '2023-06-20 00:50:28'), (select user_id from registered_user where user_name = 'kaspar'), '2023-08-08 02:47:45'),
    ((select ant_id from ant where suggested_content = 'ant making plays' and created_at = '2023-06-20 00:50:17'), (select user_id from registered_user where user_name = 'kaspar'), '2023-08-08 02:47:45'),
    ((select ant_id from ant where suggested_content = 'ant who gonna do it anyways' and created_at = '2023-06-20 00:50:01'), (select user_id from registered_user where user_name = 'kaspar'), '2023-08-08 02:47:45'),
    ((select ant_id from ant where suggested_content = 'ant in your dad''s casket (well fed ant)' and created_at = '2023-06-20 00:49:31'), (select user_id from registered_user where user_name = 'kaspar'), '2023-08-08 02:47:44'),
    ((select ant_id from ant where suggested_content = 'cumslut ant' and created_at = '2023-06-20 00:48:58'), (select user_id from registered_user where user_name = 'kaspar'), '2023-08-08 02:21:22'),
    ((select ant_id from ant where suggested_content = 'bumbo ant the jumbo cunt' and created_at = '2023-06-20 00:48:42'), (select user_id from registered_user where user_name = 'kaspar'), '2023-08-08 02:21:22'),
    ((select ant_id from ant where suggested_content = 'ant who can''t leave' and created_at = '2023-06-20 00:48:24'), (select user_id from registered_user where user_name = 'kaspar'), '2023-08-08 02:47:43'),
    ((select ant_id from ant where suggested_content = 'ant who fucking sucks' and created_at = '2023-06-20 00:47:57'), (select user_id from registered_user where user_name = 'kaspar'), '2023-08-08 02:20:51'),
    ((select ant_id from ant where suggested_content = 'ant gonna break up with you (better looking than you ant)' and created_at = '2023-06-20 00:47:37'), (select user_id from registered_user where user_name = 'kaspar'), '2023-08-08 02:47:43'),
    ((select ant_id from ant where suggested_content = 'ant who hates his ex' and created_at = '2023-06-20 00:47:08'), (select user_id from registered_user where user_name = 'kaspar'), '2023-08-08 02:47:42'),
    ((select ant_id from ant where suggested_content = 'ant who got broke up with' and created_at = '2023-06-20 00:47:01'), (select user_id from registered_user where user_name = 'kaspar'), '2023-08-08 02:47:42'),
    ((select ant_id from ant where suggested_content = 'Pants' and created_at = '2023-06-19 02:36:16'), (select user_id from registered_user where user_name = 'kaspar'), '2023-08-08 02:47:42'),
    ((select ant_id from ant where suggested_content = 'roadant' and created_at = '2023-06-19 00:33:55'), (select user_id from registered_user where user_name = 'kaspar'), '2023-08-08 02:47:41'),
    ((select ant_id from ant where suggested_content = 'piss ant' and created_at = '2023-06-19 00:22:10'), (select user_id from registered_user where user_name = 'kaspar'), '2023-08-08 02:47:41'),
    ((select ant_id from ant where suggested_content = 'completant' and created_at = '2023-06-19 00:21:01'), (select user_id from registered_user where user_name = 'kaspar'), '2023-08-08 02:47:41'),
    ((select ant_id from ant where suggested_content = 'some other ant' and created_at = '2023-06-11 19:16:48'), (select user_id from registered_user where user_name = 'kaspar'), '2023-08-08 02:47:40'),
    ((select ant_id from ant where suggested_content = 'some ant' and created_at = '2023-06-11 19:16:35'), (select user_id from registered_user where user_name = 'kaspar'), '2023-08-08 02:47:40'),
    ((select ant_id from ant where suggested_content = 'ant seeking refuge on typesofants.org' and created_at = '2023-06-07 00:56:27'), (select user_id from registered_user where user_name = 'kaspar'), '2023-08-08 02:49:31'),
    ((select ant_id from ant where suggested_content = 'ant that lost it all' and created_at = '2023-06-07 00:52:44'), (select user_id from registered_user where user_name = 'kaspar'), '2023-08-08 02:49:30'),
    ((select ant_id from ant where suggested_content = 'gay ant (pride)' and created_at = '2023-06-04 02:36:30'), (select user_id from registered_user where user_name = 'kaspar'), '2023-08-08 02:49:29'),
    ((select ant_id from ant where suggested_content = 'ant with a smelly nose piercing' and created_at = '2023-06-04 02:35:43'), (select user_id from registered_user where user_name = 'kaspar'), '2023-08-08 02:49:29'),
    ((select ant_id from ant where suggested_content = 'ant that will graduate late' and created_at = '2023-06-04 02:35:30'), (select user_id from registered_user where user_name = 'kaspar'), '2023-08-08 02:49:28'),
    ((select ant_id from ant where suggested_content = 'ant that put their entire pussy into it' and created_at = '2023-06-04 02:35:08'), (select user_id from registered_user where user_name = 'kaspar'), '2023-08-08 02:49:28'),
    ((select ant_id from ant where suggested_content = 'ant that serves (cunt)' and created_at = '2023-06-04 02:34:48'), (select user_id from registered_user where user_name = 'kaspar'), '2023-08-08 02:49:27'),
    ((select ant_id from ant where suggested_content = 'ant that shitted down another ants throat' and created_at = '2023-06-04 02:34:29'), (select user_id from registered_user where user_name = 'kaspar'), '2023-08-08 02:49:27'),
    ((select ant_id from ant where suggested_content = 'antarchist' and created_at = '2023-05-28 03:44:52'), (select user_id from registered_user where user_name = 'kaspar'), '2023-08-08 02:49:26'),
    ((select ant_id from ant where suggested_content = 'antique shopper' and created_at = '2023-05-28 03:39:49'), (select user_id from registered_user where user_name = 'kaspar'), '2023-08-08 02:49:25'),
    ((select ant_id from ant where suggested_content = 'react ant' and created_at = '2023-05-28 02:32:03'), (select user_id from registered_user where user_name = 'kaspar'), '2023-08-08 02:49:25'),
    ((select ant_id from ant where suggested_content = 'ant who''s depressed (can''t)' and created_at = '2023-05-28 02:03:18'), (select user_id from registered_user where user_name = 'kaspar'), '2023-08-08 02:49:24'),
    ((select ant_id from ant where suggested_content = 'xant (rapper)' and created_at = '2023-02-16 19:50:18'), (select user_id from registered_user where user_name = 'kaspar'), '2023-08-08 02:50:01'),
    ((select ant_id from ant where suggested_content = 'franch' and created_at = '2023-02-16 19:45:26'), (select user_id from registered_user where user_name = 'kaspar'), '2023-08-08 02:50:01'),
    ((select ant_id from ant where suggested_content = 'fluant' and created_at = '2023-02-16 19:45:22'), (select user_id from registered_user where user_name = 'kaspar'), '2023-08-08 02:50:01'),
    ((select ant_id from ant where suggested_content = 'pion ant' and created_at = '2023-02-16 19:41:41'), (select user_id from registered_user where user_name = 'kaspar'), '2023-08-08 02:50:00'),
    ((select ant_id from ant where suggested_content = 'ant that does not shower or brush its teeth' and created_at = '2023-01-24 05:43:43'), (select user_id from registered_user where user_name = 'kaspar'), '2023-08-08 02:50:00')
  ;

COMMIT;
